{
    "products": [
      {
        "id": 1,
        "name": "Product 1",
        "category": "Category A",
        "image": "product1.jpg",
        "freshness": "New",
        "description": "Lorem ipsum dolor sit amet, consectetur adipiscing elit.",
        "price": 10.99
      },
      {
        "id": 2,
        "name": "Product 2",
        "category": "Category B",
        "image": "product2.jpg",
        "freshness": "Used",
        "description": "Sed do eiusmod tempor incididunt ut labore et dolore magna aliqua.",
        "price": 19.99
      },
      {
        "id": 3,
        "name": "Product 3",
        "category": "Category A",
        "image": "product3.jpg",
        "freshness": "New",
        "description": "Ut enim ad minim veniam, quis nostrud exercitation ullamco laboris.",
        "price": 14.99
      }
    ]
  }
  